index,0.457218,0.429206,id,seq
0,-1.432551,1.84366,seq1180353,LGKLLLLGKALKG
1,1.08679,1.790391,seq1282956,LKGLGKKLKLLLG
2,-1.276262,3.632781,seq702995,KGLLLGKGLLLKL
3,-5.329406,-4.947624,seq1077768,LGGGLGLKGLKGG
4,-4.8284,-2.371915,seq1082806,LGGKGGGGLLLLK
5,8.206055,-0.981131,seq1289075,LKGLKKKGLKKKL
6,-1.276262,3.632781,seq1530303,LLKLLGLGKKLLG
7,-4.483684,-1.585327,seq1559346,LLLKGLGGGAKLG
8,-5.485695,-6.736745,seq334630,GKLLGGGGGALGK
9,-1.276262,3.632781,seq347559,GKLLKLLLGLKLG
10,-0.917232,-8.512444,seq7444,GGGGKGKGKLLGK
11,-4.462836,-2.108073,seq918548,KLGKLGGGGACLL
12,-4.306546,-0.318952,seq1124092,LGKGGGLLLLCGK
13,-1.777267,1.057073,seq1189319,LGLGKGLKGLLKL
14,-3.304536,4.832466,seq1403844,LKLLGLLLGKCLG
15,-3.982679,0.990382,seq1422458,LLGGGLKGLAKLL
16,-2.278272,-1.518636,seq749949,KKGLGGLLGKLLG
17,5.999968,0.80128,seq965678,KLKKGGKKLLLKL
18,-0.754408,5.685744,seq1020821,KLLGLKLGLLCKL
19,-2.935567,-5.883466,seq1083477,LGGKGGKGLALKG
20,-6.725624,-0.299578,seq1188191,LGLGKGGLLACGL
21,-0.775256,6.20849,seq1285873,LKGLGLLLKLLLK
22,3.73718,2.609775,seq1444795,LLGKKGKLKLLLK
23,-3.826389,2.779503,seq1550406,LLLGLGLLGLKKG
24,1.232153,-10.268769,seq190309,GKGGLGGGGKKKK
25,-1.276262,3.632781,seq341079,GKLLGLLLKLKLG
26,-5.485695,-6.736745,seq426486,GLKGLGGGGALKG
27,-0.551668,-8.248603,seq964470,KLKKGGGGGACKG
28,-3.982679,0.990382,seq1233646,LGLLLGGGLAKLK
29,6.344684,1.587867,seq1506614,LLKKKKLLGAKKL
30,-2.935567,-5.883466,seq178385,GKGGGGKLGALKL
31,-1.777267,1.057073,seq525005,GLLLLGGGKKKLL
32,3.758028,2.087029,seq998677,KLKLLGKLLKCGK
33,1.08679,1.790391,seq1032072,KLLKKGLLGKLLG
34,-1.276262,3.632781,seq1166291,LGKLGLGLKKLLL
35,-4.8284,-2.371915,seq1181864,LGLGGGKGKLLGL
36,-3.481673,3.566091,seq1231466,LGLLKLGGLALKL
37,-0.274251,8.784199,seq1475491,LLGLLLKLLLLKK
38,-3.325384,5.355212,seq1495500,LLKGLLLKGLLLG
39,-1.073521,-10.301565,seq177976,GKGGGGKGKALGK
40,-2.758429,-4.617091,seq26467,GGGKKGGGLLCLK
41,3.73718,2.609775,seq445893,GLKKKLLKLLKLG
42,-3.481673,3.566091,seq58990,GGGLLLLLLALKK
43,4.997958,-4.350138,seq613326,KGKKGKKGLLLKG
44,-4.462836,-2.108073,seq723336,KKGGLGLGLACLG
45,-0.274251,8.784199,seq1060611,KLLLLKLLKLLLG
46,-0.910697,3.896623,seq1177261,LGKLLKGLLACLK
47,-4.483684,-1.585327,seq1467648,LLGLKLGGLAKGG
48,1.431506,2.576979,seq1508484,LLKKKLLGLALKG
49,-0.931545,4.419369,seq1521923,LLKLGLLLGAKKL
50,-4.984689,-4.161036,seq308540,GKLGLGGGLAKGL
51,3.236174,0.034066,seq384639,GLGKKKLKLKLLG
52,-4.8284,-2.371915,seq397836,GLGLGKLLGKLGG
53,5.843679,-0.987842,seq449484,GLKKLKKKLAKLG
54,3.73718,2.609775,seq923389,KLGKLLGKLLKLK
55,-4.8284,-2.371915,seq1189074,LGLGKGLGGLLKG
56,5.498963,-1.774429,seq267774,GKKKKLKGLLKLG
57,-3.325384,5.355212,seq467934,GLKLLGLLKLLLG
58,-2.980668,6.1418,seq518180,GLLLGLLLKALKL
59,4.081896,3.396363,seq1039495,KLLKLKGLLALKK
60,-7.070341,-1.086165,seq1076685,LGGGLGGLLKCLG
61,1.08679,1.790391,seq110720,GGKLKLKLKLLGL
62,3.58089,0.820654,seq1199545,LGLGLLKKKAKLK
63,0.429495,-2.574439,seq1440600,LLGKGKLGKAKLG
64,-3.436572,-8.459175,seq24633,GGGKGLGLKAKGG
65,3.236174,0.034066,seq954071,KLKGKKGLGKLLL
66,3.758028,2.087029,seq979973,KLKKLKGGLKCLL
67,-4.462836,-2.108073,seq1133034,LGKGKLGGLACLG
68,1.431506,2.576979,seq1305572,LKKGGLLLLAKKL
69,1.587795,4.3661,seq1320944,LKKKGGLLLLLKL
70,1.107638,1.267645,seq1325108,LKKKGLLLGKCGL
71,0.585784,-0.785318,seq315626,GKLKGGGLLKLKL
72,-1.276262,3.632781,seq754325,KKGLGLLLGKLLL
73,-4.807552,-2.894661,seq78956,GGKKGGGGLLCLL
74,5.999968,0.80128,seq902416,KLGGLKKLKLLKK
75,-1.276262,3.632781,seq1038633,KLLKLGLLGKLLG
76,1.587795,4.3661,seq1197662,LGLGLKKLKLLKL
77,-0.754408,5.685744,seq1395527,LKLKLLGGLLCKL
78,-1.777267,1.057073,seq1460169,LLGLGKKLLLKGG
79,-1.276262,3.632781,seq149417,GGLKKLGLLKLLL
80,-0.931545,4.419369,seq1586161,LLLLKLGLKALGK
81,-3.826389,2.779503,seq235538,GKGLLLLGGLKLL
82,-3.781289,-9.245763,seq371,GGGGGGGKKKLGL
83,-2.779278,-4.094345,seq540099,KGGGKGLLKLLGG
84,-3.280283,-6.670054,seq65769,GGKGKGGGKLLLG
85,5.498963,-1.774429,seq894940,KLGGKKGKLKLLK
86,3.58089,0.820654,seq982715,KLKKLLKGGALKL
87,-4.807552,-2.894661,seq26792,GGGKKGGLGLCLL
88,-1.933556,-0.732049,seq900897,KLGGLGLLKAKLG
89,-4.483684,-1.585327,seq1223030,LGLLGKGLGAKGL
90,1.08679,1.790391,seq1298148,LKGLLLKLGKKLG
91,3.758028,2.087029,seq1503395,LLKKKGKGLKCLL
92,2.0888,6.941809,seq1524092,LLKLKGLKLLLKL
93,-3.826389,2.779503,seq1560854,LLLKGLLGGLKGL
94,-5.464847,-7.259491,seq183876,GKGGKGGGLACLG
95,0.084779,-3.361026,seq322044,GKLKKGGLGLKLG
96,4.496952,-6.925847,seq559942,KGGKKKGGGLKLK
97,-3.91673,-11.55763,seq61317,GGKGGKGGKACGG
98,3.73718,2.609775,seq922741,KLGKLKLLGLKLK
99,2.234164,-5.117352,seq9929,GGGGKKKKLKLGL
100,1.08679,1.790391,seq1363708,LKLGGLKKLLLGK
101,3.236174,0.034066,seq1369355,LKLGKLGKGKLKL
102,5.999968,0.80128,seq1400128,LKLLGKGKLKKLK
103,2.234164,-5.117352,seq186101,GKGGKKGGLKKLL
104,-4.8284,-2.371915,seq394602,GLGLGGKGLKLLG
105,-4.327395,0.203794,seq468576,GLKLLKGLGLLGG
106,2.077874,-6.906473,seq638619,KGKLKKGGGAKLG
107,-0.775256,6.20849,seq940325,KLGLLGLLKLLKL
108,-4.8284,-2.371915,seq1080672,LGGGLLGKGKLLG
109,-1.933556,-0.732049,seq1127625,LGKGGLKLKALLG
110,-2.434562,-3.307757,seq1192179,LGLGKLGKGALKG
111,-2.434562,-3.307757,seq1497381,LLKKGGLGGAKLG
112,-1.432551,1.84366,seq1518287,LLKLGKGLGALKL
113,-8.374004,4.032456,seq1549862,LLLGLGLGGACLL
114,-1.912708,-1.254795,seq297355,GKLGGGLLLACKK
115,-3.280283,-6.670054,seq577419,KGGLKGGGGKLLG
116,1.08679,1.790391,seq877520,KKLLKLGLGKLGL
117,-6.725624,-0.299578,seq1069207,LGGGGLLLGACLK
118,-7.247478,-2.35254,seq1077563,LGGGLGLGKALGL
119,3.236174,0.034066,seq1276301,LKGKLKKLGLKGL
120,-2.434562,-3.307757,seq1542093,LLLGKGGKGAKLG
121,-3.781289,-9.245763,seq197379,GKGKGGGLGLKGG
122,-1.777267,1.057073,seq488981,GLLGLKKLGLKGL
123,1.431506,2.576979,seq725948,KKGGLKLLKALLL
124,-2.935567,-5.883466,seq1084437,LGGKGGLKLAKGG
125,-2.278272,-1.518636,seq1107015,LGGLGLGKKLKLG
126,1.431506,2.576979,seq1370624,LKLGKLLGKALKL
127,1.608643,3.843354,seq1566326,LLLKKLGKLKCGL
128,-2.935567,-5.883466,seq225285,GKGLKKGGGALLG
129,-1.432551,1.84366,seq338435,GKLLGKLGLAKLL
130,7.70505,-3.55684,seq390137,GLGKLKKGKKKKL
131,1.232153,-10.268769,seq60867,GGKGGGLKKKKGG
132,-0.416227,-5.936735,seq709476,KKGGGGKGKLLLG
133,3.236174,0.034066,seq985511,KLKLGGKLKLKGL
134,5.999968,0.80128,seq1044328,KLLLGGKKKLLKK
135,-1.777267,1.057073,seq1231083,LGLLKKLLGKLGG
136,1.608643,3.843354,seq1401572,LKLLGKLKLKCGL
137,-1.276262,3.632781,seq1520931,LLKLGLKGLLLKG
138,4.238185,5.185484,seq1521791,LLKLGLLKKKKLL
139,-5.9867,-9.312454,seq1124136,LGKGGKGGGALGG
140,1.08679,1.790391,seq1215694,LGLKLGLKLKLGK
141,1.587795,4.3661,seq1370840,LKLGKLLKGLLKL
142,1.608643,3.843354,seq1403192,LKLLGLKLKKCGL
143,-0.775256,6.20849,seq1469409,LLGLKLLKLLKLG
144,-0.050662,-5.672894,seq179666,GKGGGKGKKACLL
145,0.429495,-2.574439,seq310242,GKLGLGLKLAKKG
146,5.498963,-1.774429,seq327042,GKLKKLKKLKLGG
147,0.9305,0.00127,seq753568,KKGLGLKLGALLK
148,-0.071511,-5.150148,seq86768,GGKKKGLGGAKLL
149,-2.434562,-3.307757,seq1074809,LGGGKLKKGALGL
150,-1.432551,1.84366,seq1175815,LGKLLGKLLALGK
151,0.9305,0.00127,seq1216150,LGLKLKGGLAKLK
152,-5.485695,-6.736745,seq130500,GGLGKLLGGAKGG
153,-3.826389,2.779503,seq1376156,LKLGLLGLGKLGL
154,4.081896,3.396363,seq1408775,LKLLKLGKKALKL
155,-1.276262,3.632781,seq1473273,LLGLLKKLLKLGG
156,-5.567324,6.640961,seq1474235,LLGLLLGGLKCLL
157,3.73718,2.609775,seq1556791,LLLKGGLKKKLLK
158,-1.777267,1.057073,seq220155,GKGLGKKLLLLLG
159,5.498963,-1.774429,seq278198,GKKLGKGKLKKLL
160,1.08679,1.790391,seq672704,KGLKGKKLGLLLL
161,4.238185,5.185484,seq983899,KLKKLLLKLLLGK
162,-4.483684,-1.585327,seq100464,GGKLGGLLKALLG
163,-2.434562,-3.307757,seq119411,GGLGGGKLKAKLL
164,0.585784,-0.785318,seq1271340,LKGKKLGLLKLGG
165,10.863016,-0.170885,seq1315508,LKKGLKKKKLKKL
166,-4.462836,-2.108073,seq148724,GGLKKLGGGACLL
167,12.962945,-3.759364,seq267889,GKKKKLKKKALKK
168,-1.777267,1.057073,seq281465,GKKLGLLGGLKLL
169,-5.329406,-4.947624,seq496494,GLLKGLGGGKLGG
170,1.587795,4.3661,seq581498,KGGLKKLKLLLLL
171,1.587795,4.3661,seq882002,KKLLLKGLKLLGL
172,3.58089,0.820654,seq98347,GGKKLLLLLAKKK
173,-2.824379,7.930921,seq1058424,KLLLLGLLKLLLG
174,1.08679,1.790391,seq1400942,LKLLGKKLGKLGL
175,-1.777267,1.057073,seq1444931,LLGKKGLGGKLLL
176,1.587795,4.3661,seq1475142,LLGLLLKKKKLLG
177,1.587795,4.3661,seq1580602,LLLLGLLGKKLKK
178,-4.483684,-1.585327,seq164528,GGLLKGGLGAKLL
179,-5.830411,-7.523332,seq308430,GKLGLGGGGLKGG
180,-1.777267,1.057073,seq393225,GLGKLLLKGKLLG
181,-7.592194,-3.139128,seq486045,GLLGLGGLGKLGG
182,-1.276262,3.632781,seq516587,GLLLGLGKLKLKL
183,0.247603,10.837162,seq1003085,KLKLLLKLLLCLL
184,-0.416227,-5.936735,seq1085042,LGGKGKGKGKLGL
185,-2.779278,-4.094345,seq1127099,LGKGGLKGGLKGL
186,-4.984689,-4.161036,seq1183752,LGLGGKGLKALGG
187,-1.933556,-0.732049,seq1222953,LGLLGKGKLAKLG
188,-1.432551,1.84366,seq1444085,LLGKKGGLLAKLL
189,-3.481673,3.566091,seq1540076,LLLGGLGKLALKL
190,-2.824379,7.930921,seq1561268,LLLKGLLKLLLGL
191,1.431506,2.576979,seq1590528,LLLLLKGLKAKKG
192,-1.777267,1.057073,seq368783,GLGGLGKLKLKLL
193,-1.432551,1.84366,seq386639,GLGKKLLKGALLL
194,-1.933556,-0.732049,seq479383,GLLGKGGKLALLK
195,5.999968,0.80128,seq510584,GLLKLLKKGKKKL
196,-5.329406,-4.947624,seq6228,GGGGGLLKKLLGG
197,3.73718,2.609775,seq1342625,LKKLGKLLGKLKL
198,5.498963,-1.774429,seq383910,GLGKKKKKLKLLG
199,0.429495,-2.574439,seq404692,GLGLKLGGKAKLK
200,3.73718,2.609775,seq441737,GLKKKGLLLKKLL
201,3.236174,0.034066,seq683207,KGLKLGKGKKLLL
202,3.995947,-9.501556,seq78934,GGKKGGGGLKKKK
203,3.236174,0.034066,seq1032491,KLLKKKGGLLKGL
204,-1.432551,1.84366,seq1441663,LLGKGLGKLALLK
205,-1.276262,3.632781,seq1529677,LLKLLGKGLLLGK
206,5.498963,-1.774429,seq462238,GLKLKKKGGKLLK
207,-2.413713,-3.830504,seq542465,KGGGKLGGKACLL
208,-4.984689,-4.161036,seq119418,GGLGGGKLKALLG
209,-8.217715,5.821578,seq1462916,LLGLGLLLGLCGL
210,-3.805541,2.256757,seq1493052,LLKGLKLGGLCLG
211,0.429495,-2.574439,seq310738,GKLGLKGGLALKK
212,1.08679,1.790391,seq506540,GLLKLGKLKKLGL
213,-1.777267,1.057073,seq990207,KLKLGLLGLLKGG
214,-9.396863,-0.596215,seq1107288,LGGLGLGLLALGG
215,-5.329406,-4.947624,seq118812,GGLGGGGLLLKKG
216,-5.485695,-6.736745,seq122564,GGLGGLGGKAKGL
217,1.608643,3.843354,seq1408320,LKLLKKLLKLCGG
218,-4.8284,-2.371915,seq1425242,LLGGKGLGGKLGL
219,5.999968,0.80128,seq1502872,LLKKKGGKKLLLK
220,-0.274251,8.784199,seq1554709,LLLGLLLKLLLKK
221,-2.80353,7.408175,seq1587576,LLLLKLLLGLCKG
222,5.498963,-1.774429,seq917132,KLGKKLKGGKLKL
223,-1.432551,1.84366,seq939131,KLGLLGKGLAKLL
224,2.735169,-2.541643,seq1385147,LKLKKGKGGKLGL
225,-8.895858,1.979494,seq1435182,LLGGLLGLGALLG
226,1.08679,1.790391,seq1580028,LLLLGLKKGKKLG
227,10.362011,-2.746594,seq259190,GKKKGKKKKLKLL
228,0.585784,-0.785318,seq492956,GLLKGGKGKLKLL
229,-0.754408,5.685744,seq1023007,KLLGLLLGLLCKK
230,-1.777267,1.057073,seq1283595,LKGLGKLLGLKLG
231,1.08679,1.790391,seq1413198,LKLLLKGKKLLGG
232,3.236174,0.034066,seq1571061,LLLKLKKGGLKKG
233,-0.775256,6.20849,seq1573071,LLLKLLGLKKLLG
234,-4.306546,-0.318952,seq391284,GLGKLKLLGLCGG
235,1.608643,3.843354,seq523562,GLLLKLKGKLCKL
236,-2.914719,-6.406213,seq768125,KKKGGGGLGACGL
237,-1.276262,3.632781,seq1061003,KLLLLLGKGLKGL
238,7.70505,-3.55684,seq1367991,LKLGKKKKKLKGG
239,-1.777267,1.057073,seq391769,GLGKLLGKGKLLL
240,-7.592194,-3.139128,seq42113,GGGLGKGLGLLGL
241,-1.276262,3.632781,seq521071,GLLLKKGLGLLLK
242,-3.982679,0.990382,seq577308,KGGLGLLLLALKG
243,4.259033,4.662738,seq1022417,KLLGLLKKKKCLL
244,8.206055,-0.981131,seq1033543,KLLKKKKLGLKGK
245,6.703039,-8.708257,seq212259,GKGKLKGGKKKKG
246,-1.777267,1.057073,seq38465,GGGKLLKLGLKLL
247,-1.432551,1.84366,seq405835,GLGLKLKLGALLK
248,-1.777267,1.057073,seq455617,GLKLGKGLLLLGK
249,2.735169,-2.541643,seq559439,KGGKKGLKGKLLL
250,6.703039,-8.708257,seq1083415,LGGKGGKGKKKKK
251,0.585784,-0.785318,seq1114122,LGGLKLKGLKLKG
252,1.587795,4.3661,seq1177976,LGKLLKKLKLLGL
253,5.999968,0.80128,seq1407046,LKLLKKKGGLLKK
254,-6.569335,1.489544,seq1451655,LLGKLGLGLLCGG
255,-1.276262,3.632781,seq1531437,LLKLLKGLGKLLG
256,3.58089,0.820654,seq1531645,LLKLLKKGGAKLK
257,2.234164,-5.117352,seq184345,GKGGKGGLKLKLK
258,-4.483684,-1.585327,seq431588,GLKGLLKGGALGL
259,-3.481673,3.566091,seq524658,GLLLKLLLGALKG
260,3.73718,2.609775,seq920447,KLGKLGLKLKKLL
261,-3.826389,2.779503,seq1375836,LKLGLLGGLKLLG
262,-4.483684,-1.585327,seq1432752,LLGGLKGKGALLG
263,-4.984689,-4.161036,seq1489368,LLKGLGGGGALKG
264,-6.746473,0.223168,seq158705,GGLLGGKLGALLL
265,-5.308557,-5.47037,seq184410,GKGGKGGLLLCGG
266,1.08679,1.790391,seq475792,GLLGGKKKLLLLK
267,1.733158,-7.693061,seq61611,GGKGGKGKKKLLG
268,-0.775256,6.20849,seq701537,KGLLKLLGLLLKL
269,4.496952,-6.925847,seq1148616,LGKKKGGKLKKGG
270,1.107638,1.267645,seq1502118,LLKKGLLKKLCGG
271,-3.826389,2.779503,seq411694,GLGLLLGLGKLLK
272,1.08679,1.790391,seq497498,GLLKGLKKGLLKL
273,9.36,-7.898012,seq600274,KGKGKKKKGLKGK
274,3.73718,2.609775,seq1019591,KLLGLKGKLKKLL
275,-1.276262,3.632781,seq1099565,LGGKLKLGLLKLL
276,0.9305,0.00127,seq1318290,LKKGLLLKGAKLG
277,5.342674,-3.56355,seq1319422,LKKKGGGLLAKKK
278,1.932511,5.152688,seq1572068,LLLKLKLKKALGL
279,-3.982679,0.990382,seq411908,GLGLLLKGGALKL
280,1.587795,4.3661,seq1288112,LKGLKGLLLKLKL
281,-0.931545,4.419369,seq1529305,LLKLLGGLKALLK
282,-0.274251,8.784199,seq1534859,LLKLLLLKGLKLL
283,-3.304536,4.832466,seq1576532,LLLLGGLKLKCGL
284,2.735169,-2.541643,seq666747,KGLGLKLKLKKGG
285,3.73718,2.609775,seq832993,KKLGGLLKLLKLK
286,8.206055,-0.981131,seq1322295,LKKKGKKLKKLLG
287,0.9305,0.00127,seq1340162,LKKLGGLKGAKLL
288,-6.089178,4.587999,seq176495,GGLLLLLGGLLKL
289,-1.073521,-10.301565,seq20676,GGGKGGKKGALKG
290,1.431506,2.576979,seq469652,GLKLLKLGLAKKL
291,-1.276262,3.632781,seq500573,GLLKKGLKLLLGL
292,-3.325384,5.355212,seq525356,GLLLLGGKLLKLL
293,8.206055,-0.981131,seq836483,KKLGKKKKGLLKL
294,-0.395378,-6.459482,seq87696,GGKKKKGGLLCGG
295,0.585784,-0.785318,seq151358,GGLKLGGKLKLKL
296,1.107638,1.267645,seq455336,GLKLGKGKLKCLL
297,-1.255413,3.110035,seq465163,GLKLKLLGGLCLK
298,-8.895858,1.979494,seq516798,GLLLGLGLLALGG
299,-1.255413,3.110035,seq839297,KKLGKLLGLLCGL
300,-6.310568,-10.621788,seq1121958,LGKGGGGGGKCGG
301,3.73718,2.609775,seq1212217,LGLKKLGLKKLLK
302,2.735169,-2.541643,seq1319569,LKKKGGKGGLLLK
303,0.429495,-2.574439,seq1364866,LKLGKGGGLAKLK
304,-1.432551,1.84366,seq1556349,LLLKGGKLLAKLG
305,-4.984689,-4.161036,seq230388,GKGLLGKGGALLG
306,7.70505,-3.55684,seq285185,GKKLKKKGKLKGL
307,-2.824379,7.930921,seq526334,GLLLLGKLLLLKL
308,10.863016,-0.170885,seq805992,KKKKLLKKLKKLG
309,1.08679,1.790391,seq1451346,LLGKLGKLKLKLG
310,-4.483684,-1.585327,seq387286,GLGKLGGGLALLK
311,7.70505,-3.55684,seq453811,GLKLGGKKKKLKK
312,3.079885,-1.755055,seq508375,GLLKLKKKGALGK
313,3.236174,0.034066,seq966077,KLKKGGLGKLKLL
314,15.506502,-2.896948,seq1328818,LKKKKKKLKAKKK
315,4.997958,-4.350138,seq372154,GLGGLLGKKKKKK
316,-4.327395,0.203794,seq478378,GLLGGLLGKLLGK
317,4.997958,-4.350138,seq566826,KGGKLKGKKLKLG
318,1.733158,-7.693061,seq711555,KKGGGKKGGKLLG
319,4.997958,-4.350138,seq774436,KKKGKGGGLLLKK
320,-5.567324,6.640961,seq1200479,LGLGLLLLGLCKL
321,-3.325384,5.355212,seq1224548,LGLLGKLLGLKLL
322,-7.893847,7.130912,seq1435346,LLGGLLGLLALLL
323,0.9305,0.00127,seq220580,GKGLGKLKLAKLL
324,-2.434562,-3.307757,seq53483,GGGLLGKKGALKL
325,-2.434562,-3.307757,seq889317,KLGGGKKLLALGG
326,8.707061,1.594578,seq1334471,LKKKLKGKKLLKL
327,4.259033,4.662738,seq1348793,LKKLKKLGKLCLL
328,-0.253402,8.261453,seq1475393,LLGLLLKLKLCKL
329,-4.984689,-4.161036,seq604278,KGKGLGGLLALGG
330,2.57888,-4.330764,seq893607,KLGGKGKLKAKLG
331,-1.276262,3.632781,seq1022595,KLLGLLKLGKLLG
332,-0.572516,-7.725857,seq1092060,LGGKKKKGGALGG
333,-5.485695,-6.736745,seq1105902,LGGLGKLGGAKGG
334,1.587795,4.3661,seq1433860,LLGGLKKLKLLLK
335,-0.274251,8.784199,seq1590593,LLLLLKGLKLLKL
336,0.9305,0.00127,seq456460,GLKLGKLGKALLK
337,3.079885,-1.755055,seq607917,KGKGLKLLLAKKG
338,5.498963,-1.774429,seq966788,KLKKGKGGKKLLL
339,1.431506,2.576979,seq1405286,LKLLKGKLGAKLL
340,0.585784,-0.785318,seq1555082,LLLKGGGGKKKLL
341,0.9305,0.00127,seq446570,GLKKLGGKLAKLL
342,5.999968,0.80128,seq515122,GLLLGKKKLKKLK
343,-1.777267,1.057073,seq527195,GLLLLKGGKKLGL
344,-1.933556,-0.732049,seq647535,KGKLLLGGLALKG
345,5.999968,0.80128,seq1002656,KLKLLLKKGKKGL
346,8.206055,-0.981131,seq1429207,LLGGKLKKKKKLK
347,-5.830411,-7.523332,seq39520,GGGLGGGGKLLGK
348,1.587795,4.3661,seq469392,GLKLLKKLKLLLG
349,1.08679,1.790391,seq869932,KKLLGKLGLLLGK
350,1.08679,1.790391,seq963246,KLKGLLKGLLLKG
351,3.73718,2.609775,seq1367593,LKLGKKGLLLKLK
352,-2.80353,7.408175,seq174938,GGLLLKLLLLCKL
353,-3.826389,2.779503,seq702672,KGLLLGGLKLLLG
354,1.08679,1.790391,seq1009258,KLLGGLKKGLLLK
355,6.344684,1.587867,seq1271804,LKGKKLKKLALKL
356,-1.933556,-0.732049,seq168177,GGLLKKLLGALKG
357,-7.592194,-3.139128,seq387657,GLGKLGGLGLLGG
358,-1.255413,3.110035,seq455579,GLKLGKGLLKCLL
359,-5.485695,-6.736745,seq472564,GLLGGGGGLAKGK
360,3.236174,0.034066,seq829843,KKLGGKKGLLLLK
361,-1.933556,-0.732049,seq1494461,LLKGLLKGGAKGL
362,2.735169,-2.541643,seq192911,GKGGLKGKLKLKL
363,8.049766,-2.770252,seq1033489,KLLKKKKLGAKGK
364,1.587795,4.3661,seq1383152,LKLKGLKGLLLKL
365,3.995947,-9.501556,seq558288,KGGKKGGLKKKGG
366,-1.276262,3.632781,seq933443,KLGLKGLKGLLLL
367,-6.089178,4.587999,seq1163481,LGKLGGLLLLLLG
368,-6.746473,0.223168,seq123713,GGLGGLKLGALLL
369,1.08679,1.790391,seq1372620,LKLGLGKLKLLKG
370,-7.22663,-2.875287,seq221535,GKGLGLGLLACGG
371,3.58089,0.820654,seq488851,GLLGLKKKLAKLK
372,-4.984689,-4.161036,seq1019160,KLLGLKGGGALGG
373,1.08679,1.790391,seq1053480,KLLLKKLGGLLKG
374,-2.434562,-3.307757,seq1096439,LGGKLGKGGALKL
375,-5.485695,-6.736745,seq121194,GGLGGKKGLALGG
376,0.9305,0.00127,seq1340488,LKKLGGLLKALGK
377,0.9305,0.00127,seq1496330,LLKKGGGKLAKLL
378,-0.754408,5.685744,seq1587333,LLLLKLLKGLCKG
379,-1.276262,3.632781,seq196097,GKGGLLKLLLLKL
380,-2.413713,-3.830504,seq301975,GKLGKGGGLACLK
381,-1.073521,-10.301565,seq767898,KKKGGGGKGALGG
382,-1.777267,1.057073,seq950451,KLKGGLKLGLLLG
383,-5.485695,-6.736745,seq1102996,LGGLGGKGGALGK
384,-3.325384,5.355212,seq1238624,LGLLLLKGGKLLL
385,-1.276262,3.632781,seq1559537,LLLKGLGGLKKLL
386,8.206055,-0.981131,seq283301,GKKLKGKKLKKLL
387,1.587795,4.3661,seq465796,GLKLKLLLLKLGK
388,-4.282294,-11.821472,seq544599,KGGGLGGGGKKGG
389,-1.777267,1.057073,seq926525,KLGLGGKLLKLGL
390,3.079885,-1.755055,seq949007,KLKGGKLLKAKGL
391,-5.485695,-6.736745,seq1122436,LGKGGGGLGALGK
392,1.08679,1.790391,seq1190212,LGLGKKGKLLLLK
393,-2.80353,7.408175,seq1213280,LGLKKLLGLLCLL
394,7.204044,-6.132549,seq1426285,LLGGKKGKKKKGK
395,1.08679,1.790391,seq1556000,LLLKGGKKGLKLL
396,-3.280283,-6.670054,seq361163,GLGGKGGKGLKGL
397,0.585784,-0.785318,seq481940,GLLGKKKGGLKLL
398,-3.304536,4.832466,seq497402,GLLKGLKGLLCLL
399,0.084779,-3.361026,seq538460,KGGGKGGKLKLLL
400,3.236174,0.034066,seq932713,KLGLKGKKGLLLK
401,1.587795,4.3661,seq1140638,LGKGLLKKLLLKL
402,-6.569335,1.489544,seq1176093,LGKLLGLGLLCGG
403,-3.481673,3.566091,seq172634,GGLLLGLLKALKL
404,-4.807552,-2.894661,seq376386,GLGKGKGGLLCLG
405,-0.409692,6.472332,seq452393,GLKKLLLKLACLL
406,3.73718,2.609775,seq1035145,KLLKKLGLLKLGK
407,10.863016,-0.170885,seq1171390,LGKLKKKLKKLKK
408,-0.775256,6.20849,seq1176521,LGKLLGLLKLLKL
409,3.079885,-1.755055,seq1306223,LKKGKGGLKAKLL
410,1.608643,3.843354,seq1523726,LLKLKGLGKKCLL
411,0.9305,0.00127,seq329370,GKLKLGKLKALLG
412,4.259033,4.662738,seq333859,GKLKLLKLLLCKK
413,1.608643,3.843354,seq468458,GLKLLKGKLKCLL
414,-3.982679,0.990382,seq590258,KGGLLLLLGAKGL
415,0.429495,-2.574439,seq814070,KKKLKGGLGALGL
416,1.08679,1.790391,seq989790,KLKLGLKLGKLLG
417,-1.432551,1.84366,seq1042489,KLLKLLLGGALGK
418,3.73718,2.609775,seq1311941,LKKGKLLKLLKGL
419,1.587795,4.3661,seq1351046,LKKLKLLGLKLGL
420,0.091314,9.048041,seq1534469,LLKLLLKLLACKL
421,-5.485695,-6.736745,seq664128,KGLGLGLGGAKGG
422,-1.255413,3.110035,seq1101797,LGGKLLLKGKCLL
423,8.206055,-0.981131,seq1327741,LKKKKKGGLLKLK
424,15.161786,-3.683535,seq1328764,LKKKKKKLGKKKK
425,3.73718,2.609775,seq1355763,LKKLLKLLGLKKG
426,5.843679,-0.987842,seq1470730,LLGLLGKKKAKKK
427,2.234164,-5.117352,seq1555077,LLLKGGGGKKKKG
428,-0.775256,6.20849,seq1560049,LLLKGLGLLLKLK
429,-4.8284,-2.371915,seq73784,GGKGLGLGKLLGL
430,-1.933556,-0.732049,seq926907,KLGLGGLKKALLG
431,1.608643,3.843354,seq960722,KLKGLKGLKLCLL
432,-1.276262,3.632781,seq1236367,LGLLLKGLLLKGK
433,-6.590183,2.01229,seq1296969,LKGLLLGGGLLLG
434,8.707061,1.594578,seq1317913,LKKGLLKLKKKLK
435,4.259033,4.662738,seq1389211,LKLKKLGKLLCLK
436,6.500974,3.376988,seq1506584,LLKKKKLKLLKGL
437,2.0888,6.941809,seq1511936,LLKKLKGLLLKLL
438,0.9305,0.00127,seq1538614,LLLGGKKKLALGK
439,-7.592194,-3.139128,seq18189,GGGGLLGLLKLGG
440,0.9305,0.00127,seq409310,GLGLLKGKKAKLL
441,8.206055,-0.981131,seq1028929,KLLKGLKKGLKKK
442,-7.592194,-3.139128,seq1070007,LGGGKGGLGLLLG
443,-2.935567,-5.883466,seq116649,GGKLLLKGGAKGG
444,-0.416227,-5.936735,seq1247040,LKGGKGGKLKLGG
445,0.9305,0.00127,seq1362038,LKLGGKLKGALKL
446,-3.304536,4.832466,seq157040,GGLKLLLKGLCLL
447,1.608643,3.843354,seq1583254,LLLLKGLLKKCGK
448,0.585784,-0.785318,seq634682,KGKLGLGKLKLGL
449,1.587795,4.3661,seq924532,KLGKLLLGKLLLK
450,3.079885,-1.755055,seq1125995,LGKGGKLKLAKKL
451,-1.276262,3.632781,seq1174007,LGKLKLLKGLLGL
452,-7.091189,-0.563419,seq120197,GGLGGGLLKLLGL
453,0.585784,-0.785318,seq390570,GLGKLKKLGLKLG
454,1.576869,-9.482182,seq557699,KGGKKGGGGAKKL
455,-1.933556,-0.732049,seq696949,KGLLKGLGGALLK
456,1.08679,1.790391,seq759454,KKGLKLGLGLLLK
457,4.081896,3.396363,seq918401,KLGKKLLLKALKL
458,3.236174,0.034066,seq928175,KLGLGKKGKLLKL
459,4.238185,5.185484,seq1040845,KLLKLKLLGLLKK
460,-3.805541,2.256757,seq1082298,LGGGLLLKLLCKG
461,-4.327395,0.203794,seq1162826,LGKLGGLGGLKLL
462,5.843679,-0.987842,seq1328018,LKKKKKGLGALKL
463,-7.748484,-4.928249,seq1477701,LLKGGGLGGALGG
464,-3.280283,-6.670054,seq33095,GGGKLGGKGKLGL
465,-4.8284,-2.371915,seq358880,GLGGGLGGLKLKL
466,-4.327395,0.203794,seq370302,GLGGLKGLLKLLG
467,3.236174,0.034066,seq462263,GLKLKKKGGLLKL
468,2.234164,-5.117352,seq716199,KKGGKGKKGLLLG
469,3.73718,2.609775,seq878997,KKLLKLLLGLKKG
470,-1.276262,3.632781,seq1236619,LGLLLKKGLLLGK
471,5.999968,0.80128,seq1324906,LKKKGLLKGLKLK
472,-3.826389,2.779503,seq400128,GLGLGLLLKLKLG
473,6.500974,3.376988,seq449540,GLKKLKKKLLKLL
474,-0.775256,6.20849,seq459023,GLKLGLLKLLLKL
475,-3.826389,2.779503,seq459180,GLKLGLLLKLLGG
476,-4.984689,-4.161036,seq534300,KGGGGKGLLALLG
477,3.236174,0.034066,seq732077,KKGKGKLGKLLLL
478,2.077874,-6.906473,seq1130937,LGKGKKGKGAKLG
479,2.735169,-2.541643,seq1142495,LGKKGGKGKLKLL
480,1.452354,2.054233,seq1295600,LKGLLKKGLACKL
481,3.73718,2.609775,seq1349693,LKKLKLGKGLKLL
482,-4.984689,-4.161036,seq136170,GGLGLLGLKAKGG
483,-3.826389,2.779503,seq1372784,LKLGLGLGGLLKL
484,5.843679,-0.987842,seq1504760,LLKKKKGGKALKL
485,-4.483684,-1.585327,seq1536184,LLLGGGKGLALGK
486,3.758028,2.087029,seq1564733,LLLKKKKKGLCGL
487,2.234164,-5.117352,seq198273,GKGKGGKLLLKKG
488,1.107638,1.267645,seq896406,KLGGKKLKLLCLG
489,-2.434562,-3.307757,seq1142277,LGKKGGGLLAKLG
490,8.206055,-0.981131,seq1334875,LKKKLKKGGLLKK
491,-3.481673,3.566091,seq167858,GGLLKKLGLALLL
492,-0.775256,6.20849,seq491255,GLLGLLKLKLKLL
493,-8.228641,-8.026704,seq5835,GGGGGLLGGACKG
494,2.234164,-5.117352,seq590867,KGKGGGGKKKLLL
495,-3.460825,3.043345,seq694904,KGLLGLLGLACKL
496,-1.276262,3.632781,seq706233,KGLLLKLLGLLKG
497,-0.917232,-8.512444,seq79362,GGKKGGGLKLKGG
498,1.608643,3.843354,seq1048036,KLLLGLGKLLCKK
499,-5.329406,-4.947624,seq14544,GGGGLGKLLKLGG
500,0.429495,-2.574439,seq1523376,LLKLKGKLGAKGG
501,-3.826389,2.779503,seq1572504,LLLKLLGGGKLLG
502,6.703039,-8.708257,seq186931,GKGGKKKKGLKGK
503,-1.418238,-11.088153,seq236234,GKKGGGGGGKKGL
504,-4.483684,-1.585327,seq73736,GGKGLGLGKALLL
505,-1.432551,1.84366,seq942453,KLGLLKLLKALGG
506,-1.756419,0.534326,seq943355,KLGLLLKGGKCGL
507,6.500974,3.376988,seq1178432,LGKLLKLKKKKLL
508,3.758028,2.087029,seq1270223,LKGKKKLKGLCLL
509,-3.826389,2.779503,seq1297126,LKGLLLGGLLLGK
510,1.431506,2.576979,seq1514638,LLKKLLKLGALGK
511,4.081896,3.396363,seq1532615,LLKLLKLKGAKKL
512,0.429495,-2.574439,seq194180,GKGGLKLKGALKL
513,-4.483684,-1.585327,seq225042,GKGLKGLLGALLG
514,0.429495,-2.574439,seq416446,GLKGGKKGLALLK
515,3.73718,2.609775,seq609191,KGKGLLKKLLKLL
516,-0.775256,6.20849,seq1180805,LGKLLLLLGLKKL
517,1.08679,1.790391,seq1190428,LGLGKKGLLKLLK
518,1.587795,4.3661,seq1290812,LKGLKLGKLLLKL
519,-1.777267,1.057073,seq1376403,LKLGLLKGGKLLG
520,-3.280283,-6.670054,seq14001,GGGGLGKGKLKLG
521,-4.327395,0.203794,seq1401932,LKLLGLGGGLKGL
522,-1.432551,1.84366,seq1464821,LLGLKGLKGAKLL
523,0.9305,0.00127,seq320218,GKLKGLKGLALLK
524,-2.278272,-1.518636,seq495771,GLLKGKLGGKLLG
525,-3.826389,2.779503,seq663146,KGLGLGGKLLLLL
526,0.585784,-0.785318,seq867318,KKLLGGKLGKLLG
527,9.861005,-5.322303,seq1289154,LKGLKKKKGKKKG
528,2.0888,6.941809,seq1403312,LKLLGLKLLLKKL
529,3.58089,0.820654,seq1584289,LLLLKKKGLAKGK
530,4.081896,3.396363,seq502225,GLLKKKKLLALLK
531,-3.826389,2.779503,seq511080,GLLKLLLGGKLLG
532,-3.982679,0.990382,seq903168,KLGGLKLLLALGG
533,7.70505,-3.55684,seq267619,GKKKKLKGGLLKK
534,7.70505,-3.55684,seq284837,GKKLKKGLGKKKL
535,-4.8284,-2.371915,seq392004,GLGKLLGLGKLGG
536,-3.325384,5.355212,seq411122,GLGLLKLLLKLGL
537,-1.777267,1.057073,seq484127,GLLGKLKGGLKLL
538,-3.436572,-8.459175,seq65711,GGKGKGGGKALGL
539,1.608643,3.843354,seq684482,KGLKLGLLLKCKL
540,-0.775256,6.20849,seq1010303,KLLGGLLLKLKLL
541,5.999968,0.80128,seq1039622,KLLKLKKGGLKKL
542,-3.304536,4.832466,seq1215440,LGLKLGLGLKCLL
543,-1.933556,-0.732049,seq1374093,LKLGLKGLLAKGG
544,-1.777267,1.057073,seq153813,GGLKLKGLLLLKG
545,-8.739568,3.768615,seq176492,GGLLLLLGGLLGL
546,-2.278272,-1.518636,seq472847,GLLGGGGKLKLKL
547,3.236174,0.034066,seq501537,GLLKKKGLLLKKG
548,3.758028,2.087029,seq813295,KKKLGLLKLLCGK
549,1.107638,1.267645,seq828772,KKLGGGLLKLCLK
550,10.863016,-0.170885,seq878160,KKLLKLKKLKKKG
551,0.084779,-3.361026,seq1122980,LGKGGGKKGLLKL
552,1.08679,1.790391,seq1316888,LKKGLLGKGLKLL
553,3.73718,2.609775,seq1498577,LLKKGKGKLLLKL
554,-0.931545,4.419369,seq1531567,LLKLLKGLLALGK
555,7.204044,-6.132549,seq243879,GKKGKGKKKLKLG
556,2.57888,-4.330764,seq624849,KGKKLGLGKAKLG
557,-5.329406,-4.947624,seq1074348,LGGGKLGLGKLGG
558,-1.933556,-0.732049,seq1277957,LKGKLLKGGALGL
559,-8.238563,6.344324,seq1462454,LLGLGLLGGLLLL
560,-6.590183,2.01229,seq1471275,LLGLLGLGKLLGG
561,-2.779278,-4.094345,seq396623,GLGLGKKGGKLGL
562,-3.304536,4.832466,seq402388,GLGLKGLLLLCLK
563,3.995947,-9.501556,seq735120,KKGKKGGKGKLGG
564,3.236174,0.034066,seq935351,KLGLKKLGGKKLL
565,-1.276262,3.632781,seq1113667,LGGLKLGKLLLLK
566,1.431506,2.576979,seq1341296,LKKLGKGLLAKLL
567,-2.434562,-3.307757,seq1358311,LKLGGGGGLALKK
568,-0.754408,5.685744,seq1455929,LLGKLLLGKKCLL
569,-4.984689,-4.161036,seq164050,GGLLKGGGGALLK
570,-0.416227,-5.936735,seq183866,GKGGKGGGKLLKL
571,6.703039,-8.708257,seq245251,GKKGKKGKGLKGK
572,-2.434562,-3.307757,seq474757,GLLGGKGGLAKLK
573,-1.432551,1.84366,seq510563,GLLKLLKKGALGL
574,-4.8284,-2.371915,seq513018,GLLLGGKLGKLGG
575,-2.935567,-5.883466,seq542477,KGGGKLGGKALGL
576,5.498963,-1.774429,seq800028,KKKKKLLKGLLGG
577,1.587795,4.3661,seq1140802,LGKGLLKLKLLLK
578,6.500974,3.376988,seq1152544,LGKKKKLLLLLKK
579,3.236174,0.034066,seq1485425,LLKGKKGKLKLGL
580,1.08679,1.790391,seq1491740,LLKGLKGGLKKLL
581,-1.276262,3.632781,seq1586369,LLLLKLKGGLKGL
582,-2.935567,-5.883466,seq46587,GGGLKGGLLAKKG
583,4.102744,2.873617,seq917495,KLGKKLKKLACLL
584,0.9305,0.00127,seq1205872,LGLKGLKGKALLK
585,3.73718,2.609775,seq1401105,LKLLGKKLLKLKG
586,2.109649,6.419063,seq1545946,LLLGKKLKLLCLK
587,-6.746473,0.223168,seq1552781,LLLGLLGGGAKGL
588,-0.931545,4.419369,seq1567375,LLLKKLLGGALLK
589,-1.933556,-0.732049,seq164617,GGLLKGGLKALLK
590,-3.826389,2.779503,seq220884,GKGLGKLLLLLLG
591,-1.777267,1.057073,seq373935,GLGGLLLLLKKKG
592,-3.805541,2.256757,seq397852,GLGLGKLLGLCLK
593,1.587795,4.3661,seq450116,GLKKLKLKGLLLL
594,-3.826389,2.779503,seq509726,GLLKLLGGKLLGL
595,-4.483684,-1.585327,seq122246,GGLGGKLLGAKLL
596,2.57888,-4.330764,seq1305823,LKKGKGGGLALKK
597,2.735169,-2.541643,seq247939,GKKGKLKGGLLLK
598,1.08679,1.790391,seq307124,GKLGKLKGLKLLL
599,-1.777267,1.057073,seq349021,GKLLLGKLGLLGK
600,-4.327395,0.203794,seq398976,GLGLGLKGLKLLG
601,-5.329406,-4.947624,seq45018,GGGLGLKLGLKGG
602,-1.777267,1.057073,seq515697,GLLLGKLKGKLLG
603,1.232153,-10.268769,seq557991,KGGKKGGKGLKGG
604,-0.253402,8.261453,seq1021309,KLLGLKLLLLCLK
605,-3.826389,2.779503,seq1077866,LGGGLGLKKLLLL
606,0.084779,-3.361026,seq1096080,LGGKLGGKKLKLG
607,-0.931545,4.419369,seq1237701,LGLLLKLLKALKG
608,-4.984689,-4.161036,seq1423918,LLGGKGGGLALGK
609,5.498963,-1.774429,seq1503354,LLKKKGKGKLLKG
610,-5.329406,-4.947624,seq229682,GKGLLGGGGKLGL
611,1.08679,1.790391,seq389986,GLGKLKGLLKLLK
612,-3.826389,2.779503,seq404828,GLGLKLGGLLKLL
613,-4.565313,11.792379,seq472373,GLKLLLLLLLCLL
614,0.429495,-2.574439,seq657902,KGLGKGLKKALGL
615,7.70505,-3.55684,seq735695,KKGKKGKGKKLLL
616,-3.325384,5.355212,seq1110994,LGGLKGLLLLLLK
617,3.236174,0.034066,seq1197411,LGLGLKKKKLKLG
618,0.9305,0.00127,seq1306304,LKKGKGGLLAKLL
619,-4.483684,-1.585327,seq152138,GGLKLGKLGALGL
620,4.238185,5.185484,seq1565483,LLLKKKLKGLLKL
621,0.084779,-3.361026,seq185158,GKGGKGKLLLLGK
622,2.57888,-4.330764,seq103615,GGKLGLKGKAKLK
623,3.73718,2.609775,seq1232215,LGLLKLKGLKKLK
624,0.9305,0.00127,seq1448062,LLGKKLGKGALLK
625,-2.434562,-3.307757,seq173027,GGLLLKGKGAKGL
626,-1.756419,0.534326,seq390717,GLGKLKKLLLCGG
627,-3.481673,3.566091,seq419606,GLKGGLLKLALLL
628,-1.276262,3.632781,seq523383,GLLLKLGLLKKLG
629,4.496952,-6.925847,seq729290,KKGKGGKKGKLGL
630,1.587795,4.3661,seq1206896,LGLKGLLKKLLKL
631,8.206055,-0.981131,seq1229459,LGLLKKGKKKKKL
632,-2.434562,-3.307757,seq132209,GGLGLGKKGAKLL
633,1.08679,1.790391,seq1363710,LKLGGLKKLLLKG
634,-2.278272,-1.518636,seq201769,GKGKGLGLGLLLK
635,0.084779,-3.361026,seq202466,GKGKGLKLGKLGL
636,4.997958,-4.350138,seq283482,GKKLKGKLKLKGG
637,-4.984689,-4.161036,seq37680,GGGKLLGLGAKLG
638,3.73718,2.609775,seq469865,GLKLLKLKKLKGL
639,-3.460825,3.043345,seq522860,GLLLKLGGLACKL
640,1.576869,-9.482182,seq532265,KGGGGGKGKAKKL
641,-0.931545,4.419369,seq1141235,LGKGLLLKKALLL
642,4.841668,-6.139259,seq1419700,LLGGGKGKKAKKK
643,6.500974,3.376988,seq504220,GLLKKLKKLLLKK
644,10.362011,-2.746594,seq740066,KKGKKLKGKKLKL
645,-4.327395,0.203794,seq1233780,LGLLLGGKGLKLG
646,10.863016,-0.170885,seq1272496,LKGKKLLKKLKKK
647,1.08679,1.790391,seq1363768,LKLGGLKLGKLLK
648,1.608643,3.843354,seq1527450,LLKLKLKGLKCLG
649,4.238185,5.185484,seq1531303,LLKLLKGKKLLLK
650,-1.276262,3.632781,seq223063,GKGLGLLLLLKLK
651,-1.276262,3.632781,seq399245,GLGLGLKKLLLKL
652,-4.483684,-1.585327,seq486506,GLLGLGKKGALGL
653,5.999968,0.80128,seq507778,GLLKLKGKKLKLK
654,-7.727635,-5.450995,seq649703,KGLGGGGGLACGL
655,-4.483684,-1.585327,seq1540224,LLLGGLGLKAKGG
656,0.585784,-0.785318,seq195694,GKGGLLKKGLLLK
657,-1.276262,3.632781,seq451079,GLKKLLGLGLKLL
658,-6.590183,2.01229,seq474567,GLLGGGLLLLKLG
659,1.08679,1.790391,seq1049966,KLLLKGGGLKKLL
660,-3.982679,0.990382,seq1186670,LGLGGLKLKALGL
661,4.238185,5.185484,seq1512995,LLKKLKLKGLLKL
662,9.36,-7.898012,seq204406,GKGKKGKKGKKLK
663,0.585784,-0.785318,seq279366,GKKLGKLGKLLLG
664,7.70505,-3.55684,seq346315,GKLLKLKGGKKKK
665,-4.306546,-0.318952,seq50274,GGGLKKLLLLCGG
666,-7.592194,-3.139128,seq575255,KGGLGLGGGLLGL
667,2.234164,-5.117352,seq61613,GGKGGKGKKKLLL
668,-3.76044,-9.768509,seq708885,KKGGGGGKGLCGG
669,4.997958,-4.350138,seq716414,KKGGKGKLGKLKL
670,5.999968,0.80128,seq976992,KLKKKLLGKKLLG
671,3.079885,-1.755055,seq1203845,LGLKGKKKGALKL
672,-1.933556,-0.732049,seq1500307,LLKKGLGGGALLK
673,-3.826389,2.779503,seq175672,GGLLLLGLLLKGK
674,-1.432551,1.84366,seq427625,GLKGLGKKLALLL
675,-4.327395,0.203794,seq133622,GGLGLKGGLKLLL
676,3.73718,2.609775,seq1402995,LKLLGLKKKLLKG
677,3.236174,0.034066,seq1517929,LLKLGKGGKLKLK
678,-3.481673,3.566091,seq1589482,LLLLLGLKGALGK
679,8.206055,-0.981131,seq213317,GKGKLKKKLKKLL
680,3.236174,0.034066,seq337733,GKLLGKKGLKKLL
681,2.255012,-5.640098,seq636849,KGKLKGGKLKCGG
682,-2.278272,-1.518636,seq1086281,LGGKGKLGGLKLL
683,-1.933556,-0.732049,seq1116365,LGGLLGKKGALKL
684,-7.091189,-0.563419,seq1224771,LGLLGLGGGKLLG
685,3.995947,-9.501556,seq237312,GKKGGGKKKLKGG
686,7.70505,-3.55684,seq322349,GKLKKGKGKKLKL
687,-2.779278,-4.094345,seq73437,GGKGLGKLGKLLG
688,-2.779278,-4.094345,seq889449,KLGGGKLGGLKLG
689,5.999968,0.80128,seq950336,KLKGGLKKLKKLL
690,-2.278272,-1.518636,seq1165473,LGKLGKLLGKLGG
691,-4.483684,-1.585327,seq1229118,LGLLKKGGGALLG
692,-3.826389,2.779503,seq1238310,LGLLLLGKLLKGG
693,1.08679,1.790391,seq1264570,LKGKGLGKLLLLK
694,4.081896,3.396363,seq1407959,LKLLKKLKGAKLL
695,-2.413713,-3.830504,seq1483517,LLKGKGKGGACGL
696,-1.822368,13.082339,seq1593592,LLLLLLKLLLLLK
697,-0.775256,6.20849,seq520493,GLLLKGLLLLKKL
698,-2.935567,-5.883466,seq1103391,LGGLGGKKLAKGG
699,-3.481673,3.566091,seq1221748,LGLLGGKLLALLK
700,-5.567324,6.640961,seq1583201,LLLLKGLLGLCGL
701,-1.432551,1.84366,seq39301,GGGKLLLLLAKLK
702,4.081896,3.396363,seq462851,GLKLKKKLLAKLL
703,3.58089,0.820654,seq468931,GLKLLKKGLALKK
704,3.58089,0.820654,seq959219,KLKGLGKLKAKLL
705,5.999968,0.80128,seq996130,KLKLKLKKGLLGK
706,9.36,-7.898012,seq1269228,LKGKKKKGGKKKG
707,1.08679,1.790391,seq1375446,LKLGLKLLGLKKG
708,-0.253402,8.261453,seq1535065,LLKLLLLLGKCLK
709,-2.434562,-3.307757,seq400399,GLGLKGGGLAKLK
710,-7.22663,-2.875287,seq537921,KGGGGLLLLACGG
711,-1.777267,1.057073,seq540187,KGGGKGLLLLLLK
712,2.077874,-6.906473,seq68457,GGKGKKGLLAKKG
713,1.232153,-10.268769,seq9189,GGGGKKGKLKKGG
714,-3.436572,-8.459175,seq92601,GGKKLGKGGALGG
715,-2.434562,-3.307757,seq1066787,LGGGGKLKGAKLL
716,6.344684,1.587867,seq1336676,LKKKLLGKLAKKL
717,-2.95982,5.619054,seq176342,GGLLLLKLLACKL
718,-3.982679,0.990382,seq340950,GKLLGLLLGALKG
719,5.498963,-1.774429,seq502104,GLLKKKKLGLKKG
720,-3.325384,5.355212,seq510136,GLLKLLGLGLLLK
721,-3.280283,-6.670054,seq7445,GGGGKGKGKLLGL
722,8.727909,1.071832,seq980621,KLKKLKKGKKCLL
723,-3.826389,2.779503,seq1069438,LGGGGLLLLLLKK
724,7.70505,-3.55684,seq1193005,LGLGKLKKKKKGK
725,8.206055,-0.981131,seq1353955,LKKLLKGGLKKKK
726,-8.072351,-6.237583,seq157761,GGLLGGGKGLCGG
727,4.997958,-4.350138,seq239324,GKKGGKKGLKLKL
728,-1.432551,1.84366,seq523919,GLLLKLKLGAKGL
729,1.08679,1.790391,seq644246,KGKLLGKLGKLLL
730,1.587795,4.3661,seq701456,KGLLKLLGKLLKL
731,4.760039,7.238447,seq1000895,KLKLLKKLLLCKL
732,-6.245467,2.798877,seq1009847,KLLGGLLGLALGL
733,0.084779,-3.361026,seq1143880,LGKKGKGGGLLLK
734,1.587795,4.3661,seq1480508,LLKGGKLLKLKLL
735,-3.481673,3.566091,seq1580572,LLLLGLLGKALGK
736,-1.933556,-0.732049,seq233547,GKGLLKLKGALLG
737,9.36,-7.898012,seq258432,GKKKGKGKKKKLG
738,8.206055,-0.981131,seq423535,GLKGKKKLLLKKK
739,5.999968,0.80128,seq850148,KKLKGKLGKKLLL
740,-2.935567,-5.883466,seq101511,GGKLGKKGLALGG
741,7.70505,-3.55684,seq1033031,KLLKKKKGGKKGL
742,-9.376015,-1.118961,seq1064990,LGGGGGLLLACGL
743,-2.935567,-5.883466,seq1076263,LGGGLGGKGAKLK
744,-0.775256,6.20849,seq118093,GGKLLLLLLLLKK
745,10.863016,-0.170885,seq1315562,LKKGLKKKLKKKL
746,1.431506,2.576979,seq1485646,LLKGKKGLLALLK
747,7.70505,-3.55684,seq333193,GKLKLLKGGKKKK
748,4.496952,-6.925847,seq400582,GLGLKGGKKKKGK
749,-1.255413,3.110035,seq510759,GLLKLLKKLLCGG
750,2.0888,6.941809,seq1161206,LGKKLLLLKLKLL
751,0.429495,-2.574439,seq1290346,LKGLKLGGGAKLK
752,0.585784,-0.785318,seq1370340,LKLGKLKLGLKGG
753,8.206055,-0.981131,seq1453285,LLGKLKKKKLKGK
754,8.206055,-0.981131,seq1485907,LLKGKKKGLKKLK
755,-3.805541,2.256757,seq1578314,LLLLGKLGGKCGL
756,1.932511,5.152688,seq1583086,LLLLKGLKLALKK
757,2.234164,-5.117352,seq29067,GGGKKKGLKLKLG
758,-8.217715,5.821578,seq373472,GLGGLLLGLLCLL
759,-5.329406,-4.947624,seq39524,GGGLGGGGKLLKL
760,0.9305,0.00127,seq409876,GLGLLKKGLAKLK
761,8.206055,-0.981131,seq449383,GLKKLKKKGLLKK
762,-2.935567,-5.883466,seq551633,KGGKGGGLGALKL
763,-2.779278,-4.094345,seq61475,GGKGGKGGLLLKL
764,-4.8284,-2.371915,seq887264,KLGGGGLGGLKLL
765,-4.483684,-1.585327,seq1097326,LGGKLGLGLALGK
766,-0.274251,8.784199,seq1573739,LLLKLLKLGLKLL
767,-0.931545,4.419369,seq1578873,LLLLGKLLKALKG
768,-1.777267,1.057073,seq310147,GKLGLGLKGLLLK
769,3.079885,-1.755055,seq402749,GLGLKKGKKAKLL
770,-4.327395,0.203794,seq926876,KLGLGGLKGLLGL
771,8.206055,-0.981131,seq1347727,LKKLKKGLGKLKK
772,-1.777267,1.057073,seq948669,KLKGGKLGLLLLG
773,1.608643,3.843354,seq979594,KLKKLGLLGLCLK
774,0.429495,-2.574439,seq1073266,LGGGKKLGLAKLK
775,2.57888,-4.330764,seq1129803,LGKGKGKLKAKLG
776,-4.8284,-2.371915,seq134912,GGLGLKLGGKLGL
777,-1.912708,-1.254795,seq1522397,LLKLKGGKGACGL
778,-7.727635,-5.450995,seq18711,GGGGLLKLGACGG
779,5.342674,-3.56355,seq344110,GKLLKKKGGALKK
780,-1.933556,-0.732049,seq385181,GLGKKLGKGALLL
781,8.707061,1.594578,seq449779,GLKKLKKLLLKKK
782,4.238185,5.185484,seq688139,KGLKLLKLLKKLL
783,3.758028,2.087029,seq759329,KKGLKLGKLKCLL
784,8.206055,-0.981131,seq808853,KKKLGGLKKLKKL
785,1.452354,2.054233,seq917252,KLGKKLKGLACLL
786,4.081896,3.396363,seq982553,KLKKLLGLKALKL
787,-0.754408,5.685744,seq1455787,LLGKLLKLLLCGK
788,-2.935567,-5.883466,seq1535367,LLLGGGGGKAKKG
789,10.362011,-2.746594,seq265028,GKKKKKGKKLLKL
790,-3.982679,0.990382,seq927218,KLGLGGLLLAKGL
791,-7.070341,-1.086165,seq1231335,LGLLKLGGGLCGG
792,-1.276262,3.632781,seq1482771,LLKGGLLLLLKKG
793,-1.777267,1.057073,seq395513,GLGLGGLKKLKLL
794,3.236174,0.034066,seq941433,KLGLLKKKGKLLG
795,-6.590183,2.01229,seq1174983,LGKLLGGLGLLLG
796,-1.777267,1.057073,seq1192121,LGLGKLGGLKKLL
797,3.73718,2.609775,seq1272747,LKGKKLLLKLLKG
798,-5.485695,-6.736745,seq1358138,LKLGGGGGGAKGL
799,-3.304536,4.832466,seq1554528,LLLGLLLKGLCKG
800,-1.255413,3.110035,seq1563193,LLLKKGLGLLCGK
801,-2.434562,-3.307757,seq494439,GLLKGKGGLAKLG
802,-3.325384,5.355212,seq1293002,LKGLLGGKLLLLL
803,-6.746473,0.223168,seq1423505,LLGGGLLLGAKGL
804,-3.826389,2.779503,seq153332,GGLKLKGGLLLLL
805,-1.777267,1.057073,seq514901,GLLLGKKGLLKGL
806,-6.746473,0.223168,seq664629,KGLGLGLLGALLG
807,3.73718,2.609775,seq941993,KLGLLKLGKKKLL
808,-0.931545,4.419369,seq1022483,KLLGLLKKLALGL
809,-6.245467,2.798877,seq1117097,LGGLLGLKGALLL
810,5.999968,0.80128,seq1551514,LLLGLKKGLKKKK
811,3.995947,-9.501556,seq636696,KGKLKGGKGKKGG
812,3.079885,-1.755055,seq643967,KGKLLGKKGAKLL
813,5.498963,-1.774429,seq1045020,KLLLGGLKKKKKG
814,-1.432551,1.84366,seq1219879,LGLKLLLKGALGK
815,5.999968,0.80128,seq1444552,LLGKKGKKKLLLK
816,1.587795,4.3661,seq463636,GLKLKKLLLLLGK
817,3.73718,2.609775,seq471163,GLKLLLKGLLKKK
818,3.236174,0.034066,seq499983,GLLKKGKLKKLLG
819,4.496952,-6.925847,seq777186,KKKGKKKGGLLGG
820,1.587795,4.3661,seq923614,KLGKLLGLLKLLK
821,5.999968,0.80128,seq1151000,LGKKKKGLKLKLL
822,-1.276262,3.632781,seq1216667,LGLKLKGLLKLGL
823,-1.432551,1.84366,seq1362283,LKLGGKLLGALLK
824,-9.720731,-1.905549,seq394362,GLGLGGGLLLCGG
825,-6.746473,0.223168,seq651665,KGLGGGLLLALGL
826,0.9305,0.00127,seq871256,KKLLGLKGKALGL
827,-1.276262,3.632781,seq1037283,KLLKLGGLKLLLG
828,0.429495,-2.574439,seq1167964,LGKLKGGGKALLK
829,1.08679,1.790391,seq1297824,LKGLLLKGLKKLG
830,-1.777267,1.057073,seq1581271,LLLLKGGGGLKLK
831,-1.933556,-0.732049,seq403971,GLGLKKLGKALLG
832,-2.278272,-1.518636,seq418031,GLKGGLGKGLKLL
833,-1.777267,1.057073,seq422079,GLKGKGLLLLKLG
834,3.236174,0.034066,seq924177,KLGKLLKLGKLKG
835,1.608643,3.843354,seq1156634,LGKKLGLKLKCLL
836,8.707061,1.594578,seq1177781,LGKLLKKKLKKKL
837,4.238185,5.185484,seq1213691,LGLKKLLLKLKKL
838,8.707061,1.594578,seq1348807,LKKLKKLGKLLKK
839,2.57888,-4.330764,seq1536339,LLLGGGKKKAKKG
840,5.999968,0.80128,seq1572004,LLLKLKLKGKKGK
841,-2.779278,-4.094345,seq34067,GGGKLGKLGKLGL
842,-3.805541,2.256757,seq455600,GLKLGKGLLLCGL
843,-3.436572,-8.459175,seq533397,KGGGGGLLGAKKG
844,-0.931545,4.419369,seq703907,KGLLLGLKLAKLL
845,0.429495,-2.574439,seq1085666,LGGKGKKGLALKL
846,-1.276262,3.632781,seq1538889,LLLGGKKLLKLLG
847,-0.775256,6.20849,seq1553219,LLLGLLGKLKKLL
848,-0.071511,-5.150148,seq239052,GKKGGKGLLALKG
849,1.08679,1.790391,seq418930,GLKGGLKKLLLLK
850,3.73718,2.609775,seq448225,GLKKLGLLKKLLK
851,-6.746473,0.223168,seq664305,KGLGLGLGLALLG
852,0.585784,-0.785318,seq1353804,LKKLLKGGGKLLG
853,-4.8284,-2.371915,seq17948,GGGGLLGKLKLGL
854,2.735169,-2.541643,seq256517,GKKKGGGLKLKLL
855,-3.325384,5.355212,seq337526,GKLLGKGLLLLLL
856,-0.274251,8.784199,seq706399,KGLLLKLLLLLLK
857,-2.935567,-5.883466,seq945051,KLKGGGGKGALLG
858,0.585784,-0.785318,seq1098762,LGGKLKKGKLLLG
859,-1.276262,3.632781,seq1178927,LGKLLLGGKKLLL
860,3.73718,2.609775,seq1316381,LKKGLKLLGKLKL
861,8.206055,-0.981131,seq147661,GGLKKKKKKLLLK
862,2.610654,8.994772,seq1513384,LLKKLKLLLLCLK
863,2.0888,6.941809,seq1587484,LLLLKLLKLKLGK
864,-2.935567,-5.883466,seq191181,GKGGLGKGLALKG
865,-3.982679,0.990382,seq231200,GKGLLGLGKALLL
866,1.08679,1.790391,seq338090,GKLLGKKLGLLKL
867,-3.982679,0.990382,seq1196792,LGLGLKGLGAKLL
868,3.079885,-1.755055,seq1313033,LKKGLGKGKALKL
869,1.608643,3.843354,seq1401442,LKLLGKLKGLCLK
870,-7.592194,-3.139128,seq1431099,LLGGLGKGGLLGG
871,-2.278272,-1.518636,seq217799,GKGLGGKLGLKLL
872,-4.984689,-4.161036,seq63852,GGKGGLGKLALLG
873,1.608643,3.843354,seq687994,KGLKLLKLGLCLK
874,3.236174,0.034066,seq902005,KLGGLKKGLLKLK
875,-6.746473,0.223168,seq1106559,LGGLGKLLLALGG
876,0.585784,-0.785318,seq1209132,LGLKKGLKLKLGG
877,1.587795,4.3661,seq1541014,LLLGGLKLKLKLK
878,-6.569335,1.489544,seq336615,GKLLGGLLGLCLG
879,3.236174,0.034066,seq417443,GLKGGKLKLKLKL
880,4.081896,3.396363,seq462857,GLKLKKKLLALKL
881,-5.329406,-4.947624,seq629930,KGKLGGGGGLLGL
882,9.861005,-5.322303,seq644068,KGKLLGKKKKKGK
883,3.079885,-1.755055,seq657419,KGLGKGKLKALKL
884,4.997958,-4.350138,seq768500,KKKGGGKGKKLLL
885,1.587795,4.3661,seq844828,KKLGLLGLKLLLK
886,-2.824379,7.930921,seq1235410,LGLLLGLKLLLLK
887,1.08679,1.790391,seq1291376,LKGLKLKKGLLGL
888,10.362011,-2.746594,seq1330066,LKKKKLGKKKLGK
889,-7.592194,-3.139128,seq1430451,LLGGLGGGKLLGG
890,-6.746473,0.223168,seq1431693,LLGGLGKLLALGG
891,-0.754408,5.685744,seq1556393,LLLKGGKLLLCKL
892,3.236174,0.034066,seq202391,GKGKGLKKLKLLL
893,-2.80353,7.408175,seq518216,GLLLGLLLKLCKL
894,2.57888,-4.330764,seq722787,KKGGLGKKKALLG
895,-0.071511,-5.150148,seq964964,KLKKGGGLGAKGL
896,-5.329406,-4.947624,seq1222578,LGLLGKGGGKLGG
897,5.999968,0.80128,seq1237396,LGLLLKLKGKKKK
898,-3.826389,2.779503,seq1375700,LKLGLLGGGLLKL
899,1.587795,4.3661,seq334114,GKLKLLLGLLKLK
900,5.999968,0.80128,seq469838,GLKLLKLKKKKGL
901,-7.22663,-2.875287,seq664125,KGLGLGLGGACLG
902,1.107638,1.267645,seq762996,KKGLLGLKLLCKG
903,-0.775256,6.20849,seq951101,KLKGGLLKLLLLL
904,-2.935567,-5.883466,seq1076583,LGGGLGGLKAKKG
905,-4.327395,0.203794,seq1205840,LGLKGLKGGLLGL
906,3.236174,0.034066,seq1352611,LKKLLGKKGLLGK
907,-0.754408,5.685744,seq1449875,LLGKKLLLKLCGL
908,6.500974,3.376988,seq1506592,LLKKKKLKLLLGK
909,1.431506,2.576979,seq1582588,LLLLKGKLLAKGK
910,-4.483684,-1.585327,seq1279820,LKGLGGGKLALGL
911,-4.327395,0.203794,seq519842,GLLLKGLGGLKGL
912,-3.481673,3.566091,seq522880,GLLLKLGGLALLK
913,3.73718,2.609775,seq640301,KGKLKKLGLLLKL
914,-3.982679,0.990382,seq697110,KGLLKGLGLALLG
915,2.735169,-2.541643,seq945161,KLKGGGGKKKLLL
916,-2.434562,-3.307757,seq1190233,LGLGKKGLGALGK
917,5.999968,0.80128,seq1297750,LKGLLLKGKKLKK
918,-1.432551,1.84366,seq1344377,LKKLGLLGKALGL
919,8.206055,-0.981131,seq1499293,LLKKGKKKLLKGK
920,-6.725624,-0.299578,seq1553013,LLLGLLGKGACGG
921,7.54876,-5.345961,seq383713,GLGKKKKKGAKLK
922,-1.933556,-0.732049,seq1450329,LLGKLGGKKALLG
923,-2.434562,-3.307757,seq1463847,LLGLKGKGGAKLG
924,6.500974,3.376988,seq1526332,LLKLKKLLGKLKK
925,1.608643,3.843354,seq1534088,LLKLLLKKGKCGL
926,2.109649,6.419063,seq1571542,LLLKLKKLGLCLK
927,-1.276262,3.632781,seq229547,GKGLKLLLKLLGL
928,-3.826389,2.779503,seq478546,GLLGGLLKGLLLK
929,-1.255413,3.110035,seq505583,GLLKLGGKKLCLL
930,-1.255413,3.110035,seq696149,KGLLKGGLLKCLL
931,-1.933556,-0.732049,seq922205,KLGKLKLGGALGL
932,-0.775256,6.20849,seq931649,KLGLGLLLLLKKL
933,-1.411703,1.320914,seq933371,KLGLKGLKGACLL
934,-1.933556,-0.732049,seq1135969,LGKGLGKGLALLK
935,-3.325384,5.355212,seq1200570,LGLGLLLLKLKLG
936,-4.327395,0.203794,seq1204382,LGLKGKLGGLLGL
937,3.995947,-9.501556,seq1259832,LKGKGGGGKKKKG
938,-2.779278,-4.094345,seq1476275,LLKGGGGGGKLKL
939,-4.327395,0.203794,seq164590,GGLLKGGLGLLLK
940,10.362011,-2.746594,seq286156,GKKLKKLKKLKGK
941,0.585784,-0.785318,seq298400,GKLGGKKGLLLKL
942,7.204044,-6.132549,seq381633,GLGKKGKKKKKLG
943,-7.22663,-2.875287,seq44957,GGGLGLKLGACGL
944,1.08679,1.790391,seq1049974,KLLLKGGGLKLLK
945,-3.325384,5.355212,seq1234186,LGLLLGGLLLKLK
946,1.08679,1.790391,seq1258388,LKGGLLKGKKLLL
947,-2.935567,-5.883466,seq1358541,LKLGGGGKLAKGG
948,-4.327395,0.203794,seq1418930,LLGGGGLKGKLLL
949,-3.325384,5.355212,seq1576628,LLLLGGLLGKKLL
950,-6.590183,2.01229,seq1592199,LLLLLLGGGLKGG
951,-6.590183,2.01229,seq478301,GLLGGLLGGLLKL
952,-3.325384,5.355212,seq491802,GLLGLLLKLKLLG
953,-1.073521,-10.301565,seq533728,KGGGGKGGKALGK
954,-1.933556,-0.732049,seq589935,KGGLLLLGLAKKG
955,-3.280283,-6.670054,seq610407,KGKKGGGGLLLGG
956,9.36,-7.898012,seq618988,KGKKKKGGGLKKK
957,5.843679,-0.987842,seq739636,KKGKKLGKLALLK
958,-2.935567,-5.883466,seq834723,KKLGKGLGGALGG
959,-4.8284,-2.371915,seq1078400,LGGGLKGGLKLGL
960,-5.329406,-4.947624,seq1358202,LKLGGGGGGLLKG
961,-3.937578,-11.034884,seq138033,GGLKGGGKGAKGG
962,3.73718,2.609775,seq1509911,LLKKLGKGKLKLL
963,5.498963,-1.774429,seq285266,GKKLKKKGLLKGL
964,0.429495,-2.574439,seq692084,KGLLGKKKGALGL
965,1.08679,1.790391,seq989054,KLKLGLGLGKKLL
966,6.703039,-8.708257,seq68913,GGKGKKKKKLKGG
967,3.079885,-1.755055,seq72103,GGKGKLLLLAKKK
968,-0.071511,-5.150148,seq951526,KLKGKGGGLALGK
969,5.999968,0.80128,seq1046264,KLLLGKKGKLKKL
970,4.238185,5.185484,seq1177817,LGKLLKKKLLLKL
971,-1.276262,3.632781,seq1231817,LGLLKLGLGKLKL
972,-3.481673,3.566091,seq1552142,LLLGLKLGKALGL
973,0.084779,-3.361026,seq188216,GKGGKLGGKKLLL
974,8.206055,-0.981131,seq564205,KGGKKLLLLKKKK
975,-4.483684,-1.585327,seq78426,GGKGLLLKLALGG
976,2.735169,-2.541643,seq893159,KLGGKGKGKKLLL
977,1.608643,3.843354,seq1403920,LKLLGLLLKKCGK
978,-3.325384,5.355212,seq1451276,LLGKLGKLGLLLL
979,-2.935567,-5.883466,seq181937,GKGGGLGKLAKGL
980,-0.071511,-5.150148,seq328800,GKLKLGKGGALKG
981,-0.754408,5.685744,seq410407,GLGLLKKLLLCLK
982,-4.327395,0.203794,seq45512,GGGLGLLKGLKLL
983,0.429495,-2.574439,seq494682,GLLKGKGKLAKLG
984,-2.434562,-3.307757,seq539645,KGGGKGLGLALKL
985,-5.830411,-7.523332,seq63488,GGKGGLGGGLKGL
986,-2.278272,-1.518636,seq992241,KLKLKGLGGLLGG
987,1.608643,3.843354,seq1038556,KLLKLGLKLLCGK
988,3.73718,2.609775,seq1295321,LKGLLKGLKKLKL
989,1.587795,4.3661,seq1532670,LLKLLKLKGLKLG
990,-3.826389,2.779503,seq515962,GLLLGKLLGLLGK
991,-2.434562,-3.307757,seq1081683,LGGGLLKLKAKGG
992,-1.276262,3.632781,seq117361,GGKLLLKLLLLGK
993,-1.255413,3.110035,seq1191409,LGLGKKLGLLCLK
994,-3.982679,0.990382,seq1557000,LLLKGGLLKALGG
995,3.58089,0.820654,seq1584139,LLLLKKKGGALKK
996,3.236174,0.034066,seq225665,GKGLKKGKKLLLL
997,10.362011,-2.746594,seq286372,GKKLKKLLKKKGK
998,0.429495,-2.574439,seq416438,GLKGGKKGLAKLL
999,-2.935567,-5.883466,seq1074071,LGGGKLGKGAKGL
